recv_rate,max_rate,rate_limit,time_s
351080764.0,349968651.0,,0
344312033.0,351669404.0,30001.0,5
351216850.0,351669404.0,45002.0,10
350706848.0,351669404.0,67504.0,15
349726597.0,351669404.0,101257.0,20
350736553.0,351669404.0,151886.0,25
348477913.0,351669404.0,227830.0,30
349928527.0,351669404.0,341746.0,35
346661182.0,351669404.0,512620.0,40
346950888.0,351669404.0,768931.0,45
347848397.0,351669404.0,1153397.0,50
349004341.0,351669404.0,1730096.0,55
344813005.0,351669404.0,2595145.0,60
328261882.0,351669404.0,1730096.0,65
345081919.0,351669404.0,1818013.0,70
344032384.0,351669404.0,1905930.0,75
339543862.0,351669404.0,1753456.0,80
343076306.0,351669404.0,1841373.0,85
341313474.0,351669404.0,1929290.0,90
343674420.0,351669404.0,2017207.0,95
341591396.0,351669404.0,2105124.0,100
337126968.0,351669404.0,1936715.0,105
341296030.0,351669404.0,2024632.0,110
339240543.0,351669404.0,1862662.0,115
343427975.0,351669404.0,1950579.0,120
342015720.0,351669404.0,2038496.0,125
337617248.0,351669404.0,1875417.0,130
343841246.0,351669404.0,1963334.0,135
339953923.0,351669404.0,1806268.0,140
342393727.0,351669404.0,1894185.0,145
341730694.0,351669404.0,1982102.0,150
337909543.0,351669404.0,1823534.0,155
343683033.0,351669404.0,1911451.0,160
341714232.0,351669404.0,1999368.0,165
342833885.0,351669404.0,2087285.0,170
339568325.0,351669404.0,1920303.0,175
342292802.0,351669404.0,2008220.0,180
339943617.0,351669404.0,1847563.0,185
342991825.0,351669404.0,1935480.0,190
341385774.0,351669404.0,2023397.0,195
341815218.0,351669404.0,2111314.0,200
336857585.0,351669404.0,1942409.0,205
342602882.0,351669404.0,2030326.0,210
339954879.0,351669404.0,1867900.0,215
344200076.0,351669404.0,1955817.0,220
341649682.0,351669404.0,2043734.0,225
338261321.0,351669404.0,1880236.0,230
342272165.0,351669404.0,1968153.0,235
342064186.0,351669404.0,2056070.0,240
339861924.0,351669404.0,1891585.0,245
342503871.0,351669404.0,1979502.0,250
338518742.0,351669404.0,1821142.0,255
344067631.0,351669404.0,1909059.0,260
338879047.0,351669404.0,1756335.0,265
340033733.0,351669404.0,1615829.0,270
338761365.0,351669404.0,1486563.0,275
341379771.0,351669404.0,1574480.0,280
341096296.0,351669404.0,1448522.0,285
347103558.0,351669404.0,1536439.0,290
347568760.0,351669404.0,1624356.0,295
340969061.0,351669404.0,1494408.0,300
342119707.0,351669404.0,1582325.0,305
342894753.0,351669404.0,1670242.0,310
341089031.0,351669404.0,1536623.0,315
347363945.0,351669404.0,1624540.0,320
341270885.0,351669404.0,1712457.0,325
339171758.0,351669404.0,1575461.0,330
342041996.0,351669404.0,1663378.0,335
338200863.0,351669404.0,1530308.0,340
343598823.0,351669404.0,1618225.0,345
346244129.0,351669404.0,1706142.0,350
345401749.0,351669404.0,1794059.0,355
342415442.0,351669404.0,1881976.0,360
341643949.0,351669404.0,1969893.0,365
337136330.0,351669404.0,1812302.0,370
343313679.0,351669404.0,1900219.0,375
342179209.0,351669404.0,1988136.0,380
340316392.0,351669404.0,1829086.0,385
344860385.0,351669404.0,1917003.0,390
343942015.0,351669404.0,2004920.0,395
341958309.0,351669404.0,2092837.0,400
337275382.0,351669404.0,1925411.0,405
339730042.0,351669404.0,1771379.0,410
343795819.0,351669404.0,1859296.0,415
344733853.0,351669404.0,1947213.0,420
344273425.0,351669404.0,2035130.0,425
340118186.0,351669404.0,1872320.0,430
343326506.0,351669404.0,1960237.0,435
342035918.0,351669404.0,2048154.0,440
340712310.0,351669404.0,1884302.0,445
341610481.0,351669404.0,1972219.0,450
342932724.0,351669404.0,2060136.0,455
343844686.0,351669404.0,2148053.0,460
338043335.0,351669404.0,1976209.0,465
339040919.0,351669404.0,1818113.0,470
341678050.0,351669404.0,1906030.0,475
339622073.0,351669404.0,1753548.0,480
342992338.0,351669404.0,1841465.0,485
343544316.0,351669404.0,1929382.0,490
341280618.0,351669404.0,2017299.0,495
336850653.0,351669404.0,1855916.0,500
343719650.0,351669404.0,1943833.0,505
339915745.0,351669404.0,1788327.0,510
341876546.0,351669404.0,1876244.0,515
337734170.0,351669404.0,1726145.0,520
338089340.0,351669404.0,1588054.0,525
343718253.0,351669404.0,1675971.0,530
342979250.0,351669404.0,1763888.0,535
342089650.0,351669404.0,1851805.0,540
344310288.0,351669404.0,1939722.0,545
341618371.0,351669404.0,2027639.0,550
342962541.0,351669404.0,2115556.0,555
340742057.0,351669404.0,1946312.0,560
341013553.0,351669404.0,1790608.0,565
342160712.0,351669404.0,1878525.0,570
333091801.0,351669404.0,1728243.0,575
336584425.0,351669404.0,1589984.0,580
347718802.0,351669404.0,1677901.0,585
346165446.0,351669404.0,1765818.0,590
342738513.0,351669404.0,1853735.0,595
344864229.0,351669404.0,1941652.0,600
344129285.0,351669404.0,2029569.0,605
339396068.0,351669404.0,1867204.0,610
339915346.0,351669404.0,1717828.0,615
340750431.0,351669404.0,1580402.0,620
335878186.0,351669404.0,1453970.0,625
346018551.0,351669404.0,1541887.0,630
337891890.0,351669404.0,1418537.0,635
347685297.0,351669404.0,1506454.0,640
347122359.0,351669404.0,1594371.0,645
345972194.0,351669404.0,1682288.0,650
345510245.0,351669404.0,1770205.0,655
341920790.0,351669404.0,1858122.0,660
338612329.0,351669404.0,1709473.0,665
345533472.0,351669404.0,1797390.0,670
344947686.0,351669404.0,1885307.0,675
339415767.0,351669404.0,1734483.0,680
345723616.0,351669404.0,1822400.0,685
344156689.0,351669404.0,1910317.0,690
341844305.0,351669404.0,1998234.0,695
340820251.0,351669404.0,1838376.0,700
343861805.0,351669404.0,1926293.0,705
343206557.0,351669404.0,2014210.0,710
340043825.0,351669404.0,1853074.0,715
345383059.0,351669404.0,1940991.0,720
342087030.0,351669404.0,2028908.0,725
341362711.0,351669404.0,2116825.0,730
340389646.0,351669404.0,1947479.0,735
340812162.0,351669404.0,1791681.0,740
346171152.0,351669404.0,1879598.0,745
342615368.0,351669404.0,1967515.0,750
341518093.0,351669404.0,2055432.0,755
340367201.0,351669404.0,1890998.0,760
343692089.0,351669404.0,1978915.0,765
335348882.0,351669404.0,1820602.0,770
340482763.0,351669404.0,1674954.0,775
342708049.0,351669404.0,1762871.0,780
341483691.0,351669404.0,1850788.0,785
342084652.0,351669404.0,1938705.0,790
339992499.0,351669404.0,1783609.0,795
341184169.0,351669404.0,1871526.0,800
341928901.0,351669404.0,1959443.0,805
339286202.0,351669404.0,1802688.0,810
344408755.0,351669404.0,1890605.0,815
343307044.0,351669404.0,1978522.0,820
335219782.0,351669404.0,1820241.0,825
341625227.0,351669404.0,1908158.0,830
340422399.0,351669404.0,1755506.0,835
341069194.0,351669404.0,1615066.0,840
345116586.0,351669404.0,1702983.0,845
344932946.0,351669404.0,1790900.0,850
342494888.0,351669404.0,1878817.0,855
341289468.0,351669404.0,1966734.0,860
342975112.0,351669404.0,2054651.0,865
341049513.0,351669404.0,1890279.0,870
340409477.0,351669404.0,1739057.0,875
347917296.0,351669404.0,1826974.0,880
343170665.0,351669404.0,1914891.0,885
341109081.0,351669404.0,1761700.0,890
341725831.0,351669404.0,1849617.0,895
340156181.0,351669404.0,1701648.0,900
343045567.0,351669404.0,1789565.0,905
341461507.0,351669404.0,1877482.0,910
341310696.0,351669404.0,1965399.0,915
340575550.0,351669404.0,1808168.0,920
344873633.0,351669404.0,1896085.0,925
344315084.0,351669404.0,1984002.0,930
342108695.0,351669404.0,2071919.0,935
339966810.0,351669404.0,1906166.0,940
344902234.0,351669404.0,1994083.0,945
342779560.0,351669404.0,2082000.0,950
340711420.0,351669404.0,1915440.0,955
341088977.0,351669404.0,1762205.0,960
344563728.0,351669404.0,1850122.0,965
343132381.0,351669404.0,1938039.0,970
341876895.0,351669404.0,2025956.0,975
340331316.0,351669404.0,1863880.0,980
341092415.0,351669404.0,1714770.0,985
339285887.0,351669404.0,1577589.0,990
341157055.0,351669404.0,1665506.0,995
340137166.0,351669404.0,1532266.0,1000
345472741.0,351669404.0,1620183.0,1005
344292896.0,351669404.0,1708100.0,1010
339301538.0,351669404.0,1571452.0,1015
341037984.0,351669404.0,1445736.0,1020
348723015.0,351669404.0,1533653.0,1025
345017634.0,351669404.0,1621570.0,1030
345692035.0,351669404.0,1709487.0,1035
345729483.0,351669404.0,1797404.0,1040
344614543.0,351669404.0,1885321.0,1045
342352111.0,351669404.0,1973238.0,1050
343826720.0,351669404.0,2061155.0,1055
343085073.0,351669404.0,2149072.0,1060
342899962.0,351669404.0,2236989.0,1065
340315314.0,351669404.0,2058030.0,1070
341107526.0,351669404.0,1893388.0,1075
342105234.0,351669404.0,1981305.0,1080
341111843.0,351669404.0,1822801.0,1085
340446609.0,351669404.0,1676977.0,1090
345048835.0,351669404.0,1764894.0,1095
342997090.0,351669404.0,1852811.0,1100
345907102.0,351669404.0,1940728.0,1105
345295407.0,351669404.0,2028645.0,1110
343555025.0,351669404.0,2116562.0,1115
343247469.0,351669404.0,2204479.0,1120
339346620.0,351669404.0,2028121.0,1125
341739500.0,351669404.0,2116038.0,1130
341558348.0,351669404.0,2203955.0,1135
338856359.0,351669404.0,2027639.0,1140
340980498.0,351669404.0,1865428.0,1145
344223976.0,351669404.0,1953345.0,1150
344708426.0,351669404.0,2041262.0,1155
341690462.0,351669404.0,2129179.0,1160
342462874.0,351669404.0,2217096.0,1165
341525078.0,351669404.0,2305013.0,1170
337171812.0,351669404.0,2120612.0,1175
335434628.0,351669404.0,1950964.0,1180
336966102.0,351669404.0,1794887.0,1185
341785917.0,351669404.0,1882804.0,1190
344522046.0,351669404.0,1970721.0,1195
342099498.0,351669404.0,2058638.0,1200
342026947.0,351669404.0,2146555.0,1205
342438050.0,351669404.0,2234472.0,1210
340177530.0,351669404.0,2055715.0,1215
341686601.0,351669404.0,2143632.0,1220
336184855.0,351669404.0,1972142.0,1225
339882990.0,351669404.0,1814371.0,1230
326053585.0,351669404.0,1669222.0,1235
344380984.0,351669404.0,1757139.0,1240
344786226.0,351669404.0,1845056.0,1245
340693567.0,351669404.0,1697452.0,1250
341793494.0,351669404.0,1785369.0,1255
342969864.0,351669404.0,1873286.0,1260
341081489.0,351669404.0,1723424.0,1265
344757811.0,351669404.0,1811341.0,1270
342656978.0,351669404.0,1899258.0,1275
341235083.0,351669404.0,1987175.0,1280
342326537.0,351669404.0,2075092.0,1285
340775275.0,351669404.0,1909085.0,1290
343175690.0,351669404.0,1997002.0,1295
336786594.0,351669404.0,1837242.0,1300
340026037.0,351669404.0,1690263.0,1305
340369404.0,351669404.0,1555042.0,1310
342053512.0,351669404.0,1642959.0,1315
346716618.0,351669404.0,1730876.0,1320
345202788.0,351669404.0,1818793.0,1325
344752287.0,351669404.0,1906710.0,1330
341337039.0,351669404.0,1994627.0,1335
342576798.0,351669404.0,2082544.0,1340
342406994.0,351669404.0,2170461.0,1345
338287222.0,351669404.0,1996825.0,1350
339897802.0,351669404.0,1837079.0,1355
345840098.0,351669404.0,1924996.0,1360
342764381.0,351669404.0,2012913.0,1365
340091663.0,351669404.0,1851880.0,1370
345626765.0,351669404.0,1939797.0,1375
342403090.0,351669404.0,2027714.0,1380
342274828.0,351669404.0,2115631.0,1385
339915221.0,351669404.0,1946381.0,1390
344302464.0,351669404.0,2034298.0,1395
343324224.0,351669404.0,2122215.0,1400
340413449.0,351669404.0,1952438.0,1405
344169768.0,351669404.0,2040355.0,1410
340720607.0,351669404.0,1877127.0,1415
343813682.0,351669404.0,1965044.0,1420
341185874.0,351669404.0,2052961.0,1425
340709510.0,351669404.0,1888725.0,1430
339726603.0,351669404.0,1737627.0,1435
344244593.0,351669404.0,1825544.0,1440
340357400.0,351669404.0,1679501.0,1445
342508333.0,351669404.0,1767418.0,1450
342633007.0,351669404.0,1855335.0,1455
341605990.0,351669404.0,1943252.0,1460
344156878.0,351669404.0,2031169.0,1465
343014632.0,351669404.0,2119086.0,1470
343170515.0,351669404.0,2207003.0,1475
341851228.0,351669404.0,2294920.0,1480
335424216.0,351669404.0,2111327.0,1485
336403181.0,351669404.0,1942421.0,1490
343146089.0,351669404.0,2030338.0,1495
340470575.0,351669404.0,1867911.0,1500
342724867.0,351669404.0,1955828.0,1505
344337716.0,351669404.0,2043745.0,1510
342214357.0,351669404.0,2131662.0,1515
339562651.0,351669404.0,1961130.0,1520
343792441.0,351669404.0,2049047.0,1525
342673337.0,351669404.0,2136964.0,1530
338422287.0,351669404.0,1966007.0,1535
340870214.0,351669404.0,1808727.0,1540
340991485.0,351669404.0,1664029.0,1545
344690608.0,351669404.0,1751946.0,1550
342106041.0,351669404.0,1839863.0,1555
339603572.0,351669404.0,1692674.0,1560
343144548.0,351669404.0,1780591.0,1565
341883010.0,351669404.0,1868508.0,1570
338114414.0,351669404.0,1719028.0,1575
344119510.0,351669404.0,1806945.0,1580
342782313.0,351669404.0,1894862.0,1585
343491605.0,351669404.0,1982779.0,1590
340246574.0,351669404.0,1824157.0,1595
343020872.0,351669404.0,1912074.0,1600
342152460.0,351669404.0,1999991.0,1605
343611906.0,351669404.0,2087908.0,1610
339944994.0,351669404.0,1920876.0,1615
342184785.0,351669404.0,2008793.0,1620
341045653.0,351669404.0,1848090.0,1625
345450098.0,351669404.0,1936007.0,1630
341619160.0,351669404.0,2023924.0,1635
340929852.0,351669404.0,1862011.0,1640
343791604.0,351669404.0,1949928.0,1645
341908362.0,351669404.0,2037845.0,1650
339533006.0,351669404.0,1874818.0,1655
343260586.0,351669404.0,1962735.0,1660
343351846.0,351669404.0,2050652.0,1665
341655977.0,351669404.0,2138569.0,1670
340367841.0,351669404.0,1967484.0,1675
343570644.0,351669404.0,2055401.0,1680
344172814.0,351669404.0,2143318.0,1685
338720073.0,351669404.0,1971853.0,1690
334422607.0,351669404.0,1814105.0,1695
342114417.0,351669404.0,1902022.0,1700
340540754.0,351669404.0,1749861.0,1705
345386762.0,351669404.0,1837778.0,1710
340743538.0,351669404.0,1690756.0,1715
342118609.0,351669404.0,1778673.0,1720
343597456.0,351669404.0,1866590.0,1725
345736518.0,351669404.0,1954507.0,1730
342868387.0,351669404.0,2042424.0,1735
340775743.0,351669404.0,1879031.0,1740
342122122.0,351669404.0,1966948.0,1745
342866183.0,351669404.0,2054865.0,1750
343551848.0,351669404.0,2142782.0,1755
340750461.0,351669404.0,1971360.0,1760
342801293.0,351669404.0,2059277.0,1765
342246996.0,351669404.0,2147194.0,1770
340300149.0,351669404.0,1975419.0,1775
344525478.0,351669404.0,2063336.0,1780
343572574.0,351669404.0,2151253.0,1785
341907016.0,351669404.0,2239170.0,1790
339303651.0,351669404.0,2060037.0,1795
343484920.0,351669404.0,2147954.0,1800
339810391.0,351669404.0,1976118.0,1805
342897964.0,351669404.0,2064035.0,1810
342751980.0,351669404.0,2151952.0,1815
338740966.0,351669404.0,1979796.0,1820
341874045.0,351669404.0,2067713.0,1825
340831860.0,351669404.0,1902296.0,1830
344155907.0,351669404.0,1990213.0,1835
336362330.0,351669404.0,1830996.0,1840
